Workbook

Sheet Données et consignes
A1: IDCOM | B1: pvoixMELENCHON | C1: pvoixZEMMOUR | D1: pvoixMLEPEN | E1: pvoixMACRON | F1: Médiane du revenu disponible par unité de consommation en 2019, en euros
A2: 75101 | B2: 0.21223354 | C2: 0.092794254 | D2: 0.058850788 | E2: 0.43037534 | F2: 34720
A3: 75102 | B3: 0.24836601 | C3: 0.070146367 | D3: 0.043818466 | E3: 0.4352389 | F3: 32650
A4: 75103 | B4: 0.26017699 | C4: 0.059663147 | D4: 0.037739079 | E4: 0.43145874 | F4: 33570
A5: 75104 | B5: 0.23621777 | C5: 0.084407568 | D5: 0.050054856 | E5: 0.41353539 | F5: 31840
A6: 75105 | B6: 0.26053119 | C6: 0.078619681 | D6: 0.044509206 | E6: 0.38819712 | F6: 34520
A7: 75106 | B7: 0.15191515 | C7: 0.10522903 | D7: 0.040016674 | E7: 0.47621694 | F7: 40490
A8: 75107 | B8: 0.097336218 | C8: 0.13919564 | D8: 0.052678704 | E8: 0.48466647 | F8: 44400
A9: 75108 | B9: 0.11547193 | C9: 0.15315543 | D9: 0.054583061 | E9: 0.4675377 | F9: 43230
A10: 75109 | B10: 0.23498678 | C10: 0.072745711 | D10: 0.040045485 | E10: 0.43736553 | F10: 35880
A11: 75110 | B11: 0.3844851 | C11: 0.052212328 | D11: 0.042392474 | E11: 0.31467026 | F11: 27810
A12: 75111 | B12: 0.36263186 | C12: 0.049878281 | D12: 0.04275088 | E12: 0.32836083 | F12: 28750
A13: 75112 | B13: 0.31752929 | C13: 0.070898689 | D13: 0.06030919 | E13: 0.3285152 | F13: 29040
... A21: 75120 | B21: 0.47169319 | C21: 0.050620843 | D21: 0.055592127 | E21: 0.23706672 | F21: 22510
A22: Sources : | B22: Piketty et Cagé 2023 | C22: https://unehistoireduconflitpolitique.fr/
B23: Insee, RP2008, RP2013 et RP2018, exploitations principales, géographie au 01/01/2021.

Sheet Q1
A1: Incidateur | B1: MELENCHON | C1: ZEMMOUR | D1: MLEPEN | E1: MACRON | F1: Médiane du revenu
A2: Min | B2: =MIN('Données et consignes'!B$2:B$21) -> 0.090228856 | C2: =MIN('Données et consignes'!C$2:C$21) -> 0.046812288 | D2: =MIN('Données et consignes'!D$2:D$21) -> 0.037739079 | E2: =MIN('Données et consignes'!E$2:E$21) -> 0.23706672 | F2: =MIN('Données et consignes'!F$2:F$21) -> 21460
A3: Q1 | B3: =_xlfn.QUARTILE.EXC('Données et consignes'!B$2:B$21,1) -> 0.20522362 | C3: =_xlfn.QUARTILE.EXC('Données et consignes'!C$2:C$21,1) -> 0.060403696 | D3: =_xlfn.QUARTILE.EXC('Données et consignes'!D$2:D$21,1) -> 0.043017777 | E3: =_xlfn.QUARTILE.EXC('Données et consignes'!E$2:E$21,1) -> 0.3180929 | F3: =_xlfn.QUARTILE.EXC('Données et consignes'!F$2:F$21,1) -> 27977.5
A4: Médiane | B4: =MEDIAN('Données et consignes'!B$2:B$21) -> 0.2542715 | C4: =MEDIAN('Données et consignes'!C$2:C$21) -> 0.0718222 | D4: =MEDIAN('Données et consignes'!D$2:D$21) -> 0.052699519 | E4: =MEDIAN('Données et consignes'!E$2:E$21) -> 0.40806599 | F4: =MEDIAN('Données et consignes'!F$2:F$21) -> 32025
A5: Q3 | B5: =_xlfn.QUARTILE.EXC('Données et consignes'!B$2:B$21,3) -> 0.36229151 | C5: =_xlfn.QUARTILE.EXC('Données et consignes'!C$2:C$21,3) -> 0.103393 | D5: =_xlfn.QUARTILE.EXC('Données et consignes'!D$2:D$21,3) -> 0.057821033 | E5: =_xlfn.QUARTILE.EXC('Données et consignes'!E$2:E$21,3) -> 0.43683387 | F5: =_xlfn.QUARTILE.EXC('Données et consignes'!F$2:F$21,3) -> 35590
A6: Max | B6: =MAX('Données et consignes'!B$2:B$21) -> 0.47169319 | C6: =MAX('Données et consignes'!C$2:C$21) -> 0.17480393 | D6: =MAX('Données et consignes'!D$2:D$21) -> 0.06637983 | E6: =MAX('Données et consignes'!E$2:E$21) -> 0.48466647 | F6: =MAX('Données et consignes'!F$2:F$21) -> 44400
A7: Étendue | B7: =B6-B2 -> 0.38146433 | C7: =C6-C2 -> 0.12799164 | D7: =D6-D2 -> 0.028640751 | E7: =E6-E2 -> 0.24759975 | F7: =F6-F2 -> 22940
A8: Écart inter-quartile | B8: =B5-B3 -> 0.15706789 | C8: =C5-C3 -> 0.0429893 | D8: =D5-D3 -> 0.014803256 | E8: =E5-E3 -> 0.11874097 | F8: =F5-F3 -> 7612.5
A9: Écart inter-quartile relatif | B9: =(B5-B3)/B4 -> 0.61771725 | C9: =(C5-C3)/C4 -> 0.5985517 | D9: =(D5-D3)/D4 -> 0.28089926 | E9: =(E5-E3)/E4 -> 0.29098473 | F9: =(F5-F3)/F4 -> 0.23770492
A10: Rapport inter-quartile | B10: =B5/B3 -> 1.76535 | C10: =C5/C3 -> 1.7116998 | D10: =D5/D3 -> 1.3441195 | E10: =E5/E3 -> 1.3732902 | F10: =F5/F3 -> 1.2720936
A11: Variance | B11: =_xlfn.VAR.S('Données et consignes'!B$2:B$21) -> 0.013064654 | C11: =_xlfn.VAR.S('Données et consignes'!C$2:C$21) -> 0.0012710611 | D11: =_xlfn.VAR.S('Données et consignes'!D$2:D$21) -> 6.912985e-05 | E11: =_xlfn.VAR.S('Données et consignes'!E$2:E$21) -> 0.0061015348 | F11: =_xlfn.VAR.S('Données et consignes'!F$2:F$21) -> 43256583
A12: Écart-type | B12: =_xlfn.STDEV.S('Données et consignes'!B$2:B$21) -> 0.11430072 | C12: =_xlfn.STDEV.S('Données et consignes'!C$2:C$21) -> 0.035651944 | D12: =_xlfn.STDEV.S('Données et consignes'!D$2:D$21) -> 0.0083144362 | E12: =_xlfn.STDEV.S('Données et consignes'!E$2:E$21) -> 0.078112322 | F12: =_xlfn.STDEV.S('Données et consignes'!F$2:F$21) -> 6576.9737
A13: Coefficient de variation | B13: =B12/AVERAGE('Données et consignes'!B$2:B$21) -> 0.42341966 | C13: =C12/AVERAGE('Données et consignes'!C$2:C$21) -> 0.41794658 | D13: =D12/AVERAGE('Données et consignes'!D$2:D$21) -> 0.1623243 | E13: =E12/AVERAGE('Données et consignes'!E$2:E$21) -> 0.20432514 | F13: =F12/AVERAGE('Données et consignes'!F$2:F$21) -> 0.20478807

Sheet Q2
A1: Incidateur | B1: MELENCHON | C1: ZEMMOUR | D1: MLEPEN | E1: MACRON
A2: Covariance | B2: =_xlfn.COVARIANCE.P('Données et consignes'!B$2:B$21,'Données et consignes'!$F$2:$F$21) -> -679.23741 | C2: =_xlfn.COVARIANCE.P('Données et consignes'!C$2:C$21,'Données et consignes'!$F$2:$F$21) -> 179.74639 | D2: =_xlfn.COVARIANCE.P('Données et consignes'!D$2:D$21,'Données et consignes'!$F$2:$F$21) -> -9.7628559 | E2: =_xlfn.COVARIANCE.P('Données et consignes'!E$2:E$21,'Données et consignes'!$F$2:$F$21) -> 458.62396
A3: Corrélation r | B3: =CORREL('Données et consignes'!B$2:B$21,'Données et consignes'!$F$2:$F$21) -> -0.95109286 | C3: =CORREL('Données et consignes'!C$2:C$21,'Données et consignes'!$F$2:$F$21) -> 0.806914 | D3: =CORREL('Données et consignes'!D$2:D$21,'Données et consignes'!$F$2:$F$21) -> -0.18792924 | E3: =CORREL('Données et consignes'!E$2:E$21,'Données et consignes'!$F$2:$F$21) -> 0.93969623
A4: Détermination R² | B4: =B3^2 -> 0.90457764 | C4: =C3^2 -> 0.6511102 | D4: =D3^2 -> 0.0353174 | E4: =E3^2 -> 0.88302901

Sheet Abstention et classes sociales

Sheet PCS, gauche, droite
